{
	"info": {
		"_postman_id": "06bf8559-81a5-4dcb-b58d-80d8b9f06eda",
		"name": "CSElastic",
		"schema": "https://schema.getpostman.com/json/collection/v2.1.0/collection.json"
	},
	"item": [
		{
			"name": "create index template elastic",
			"event": [
				{
					"listen": "test",
					"script": {
						"exec": [
							""
						],
						"type": "text/javascript"
					}
				}
			],
			"request": {
				"auth": {
					"type": "basic",
					"basic": [
						{
							"key": "password",
							"value": "",
							"type": "string"
						},
						{
							"key": "username",
							"value": "",
							"type": "string"
						}
					]
				},
				"method": "PUT",
				"header": [],
				"body": {
					"mode": "raw",
					"raw": "{\n  \"mappings\": {\n    \"properties\": {\n        \"location\": {\n                \"type\": \"geo_point\"\n            }\n        }\n    }\n}",
					"options": {
						"raw": {
							"language": "json"
						}
					}
				},
				"url": {
					"raw": "localhost:9200/cs-elastic",
					"host": [
						"localhost"
					],
					"port": "9200",
					"path": [
						"cs-elastic"
					]
				}
			},
			"response": []
		},
		{
			"name": "cselastic1 by title",
			"request": {
				"method": "POST",
				"header": [],
				"body": {
					"mode": "raw",
					"raw": "{\n    \"title\":\"cidade social\"\n}",
					"options": {
						"raw": {
							"language": "json"
						}
					}
				},
				"url": {
					"raw": "http://localhost:8083/topicpois/bytitle",
					"protocol": "http",
					"host": [
						"localhost"
					],
					"port": "8083",
					"path": [
						"topicpois",
						"bytitle"
					]
				}
			},
			"response": []
		},
		{
			"name": "cselastic1 circle",
			"request": {
				"method": "POST",
				"header": [],
				"body": {
					"mode": "raw",
					"raw": "{\n    \"centerLat\": 10,\n    \"centerLon\": 10,\n    \"distance\":10,\n    \"unit\": \"km\"\n}",
					"options": {
						"raw": {
							"language": "json"
						}
					}
				},
				"url": {
					"raw": "http://localhost:8083/topicpois/within/circle",
					"protocol": "http",
					"host": [
						"localhost"
					],
					"port": "8083",
					"path": [
						"topicpois",
						"within",
						"circle"
					]
				}
			},
			"response": []
		},
		{
			"name": "cselastic1 square",
			"request": {
				"method": "POST",
				"header": [],
				"body": {
					"mode": "raw",
					"raw": "{\n    \"centerLat\": 10,\n    \"centerLon\": 10,\n    \"topLeftLat\":10.87234872,\n    \"topLeftLon\":10.87233234,\n    \"bottomRightLat\":10.87233984,\n    \"bottomRightLon\":10.87233218,\n    \"distance\":10,\n    \"unit\": \"km\"\n}",
					"options": {
						"raw": {
							"language": "json"
						}
					}
				},
				"url": {
					"raw": "http://localhost:8083/topicpois/within/circle",
					"protocol": "http",
					"host": [
						"localhost"
					],
					"port": "8083",
					"path": [
						"topicpois",
						"within",
						"circle"
					]
				}
			},
			"response": []
		}
	]
}